{"latitude":40.014984,"longitude":-105.270546,"timezone":"America/Denver","currently":{"time":1539972175,"summary":"Clear","icon":"clear-day","nearestStormDistance":307,"nearestStormBearing":150,"precipIntensity":0,"precipProbability":0,"temperature":64.58,"apparentTemperature":64.58,"dewPoint":25.39,"humidity":0.22,"pressure":1023.91,"windSpeed":4.52,"windGust":9.8,"windBearing":138,"cloudCover":0,"uvIndex":5,"visibility":10,"ozone":278.28},"minutely":{"summary":"Clear for the hour.","icon":"clear-day","data":[{"time":1539972120,"precipIntensity":0,"precipProbability":0},{"time":1539972180,"precipIntensity":0,"precipProbability":0},{"time":1539972240,"precipIntensity":0,"precipProbability":0},{"time":1539972300,"precipIntensity":0,"precipProbability":0},{"time":1539972360,"precipIntensity":0,"precipProbability":0},{"time":1539972420,"precipIntensity":0,"precipProbability":0},{"time":1539972480,"precipIntensity":0,"precipProbability":0},{"time":1539972540,"precipIntensity":0,"precipProbability":0},{"time":1539972600,"precipIntensity":0,"precipProbability":0},{"time":1539972660,"precipIntensity":0,"precipProbability":0},{"time":1539972720,"precipIntensity":0,"precipProbability":0},{"time":1539972780,"precipIntensity":0,"precipProbability":0},{"time":1539972840,"precipIntensity":0,"precipProbability":0},{"time":1539972900,"precipIntensity":0,"precipProbability":0},{"time":1539972960,"precipIntensity":0,"precipProbability":0},{"time":1539973020,"precipIntensity":0,"precipProbability":0},{"time":1539973080,"precipIntensity":0,"precipProbability":0},{"time":1539973140,"precipIntensity":0,"precipProbability":0},{"time":1539973200,"precipIntensity":0,"precipProbability":0},{"time":1539973260,"precipIntensity":0,"precipProbability":0},{"time":1539973320,"precipIntensity":0,"precipProbability":0},{"time":1539973380,"precipIntensity":0,"precipProbability":0},{"time":1539973440,"precipIntensity":0,"precipProbability":0},{"time":1539973500,"precipIntensity":0,"precipProbability":0},{"time":1539973560,"precipIntensity":0,"precipProbability":0},{"time":1539973620,"precipIntensity":0,"precipProbability":0},{"time":1539973680,"precipIntensity":0,"precipProbability":0},{"time":1539973740,"precipIntensity":0,"precipProbability":0},{"time":1539973800,"precipIntensity":0,"precipProbability":0},{"time":1539973860,"precipIntensity":0,"precipProbability":0},{"time":1539973920,"precipIntensity":0,"precipProbability":0},{"time":1539973980,"precipIntensity":0,"precipProbability":0},{"time":1539974040,"precipIntensity":0,"precipProbability":0},{"time":1539974100,"precipIntensity":0,"precipProbability":0},{"time":1539974160,"precipIntensity":0,"precipProbability":0},{"time":1539974220,"precipIntensity":0,"precipProbability":0},{"time":1539974280,"precipIntensity":0,"precipProbability":0},{"time":1539974340,"precipIntensity":0,"precipProbability":0},{"time":1539974400,"precipIntensity":0,"precipProbability":0},{"time":1539974460,"precipIntensity":0,"precipProbability":0},{"time":1539974520,"precipIntensity":0,"precipProbability":0},{"time":1539974580,"precipIntensity":0,"precipProbability":0},{"time":1539974640,"precipIntensity":0,"precipProbability":0},{"time":1539974700,"precipIntensity":0,"precipProbability":0},{"time":1539974760,"precipIntensity":0,"precipProbability":0},{"time":1539974820,"precipIntensity":0,"precipProbability":0},{"time":1539974880,"precipIntensity":0,"precipProbability":0},{"time":1539974940,"precipIntensity":0,"precipProbability":0},{"time":1539975000,"precipIntensity":0,"precipProbability":0},{"time":1539975060,"precipIntensity":0,"precipProbability":0},{"time":1539975120,"precipIntensity":0,"precipProbability":0},{"time":1539975180,"precipIntensity":0,"precipProbability":0},{"time":1539975240,"precipIntensity":0,"precipProbability":0},{"time":1539975300,"precipIntensity":0,"precipProbability":0},{"time":1539975360,"precipIntensity":0,"precipProbability":0},{"time":1539975420,"precipIntensity":0,"precipProbability":0},{"time":1539975480,"precipIntensity":0,"precipProbability":0},{"time":1539975540,"precipIntensity":0,"precipProbability":0},{"time":1539975600,"precipIntensity":0,"precipProbability":0},{"time":1539975660,"precipIntensity":0,"precipProbability":0},{"time":1539975720,"precipIntensity":0,"precipProbability":0}]},"hourly":{"summary":"Clear throughout the day.","icon":"clear-day","data":[{"time":1539972000,"summary":"Clear","icon":"clear-day","precipIntensity":0.0011,"precipProbability":0.01,"precipType":"rain","temperature":64.46,"apparentTemperature":64.46,"dewPoint":25.38,"humidity":0.23,"pressure":1023.93,"windSpeed":4.49,"windGust":9.84,"windBearing":141,"cloudCover":0,"uvIndex":5,"visibility":10,"ozone":278.33},{"time":1539975600,"summary":"Clear","icon":"clear-day","precipIntensity":0,"precipProbability":0,"temperature":66.83,"apparentTemperature":66.83,"dewPoint":25.51,"humidity":0.21,"pressure":1023.37,"windSpeed":5.28,"windGust":8.86,"windBearing":74,"cloudCover":0,"uvIndex":5,"visibility":10,"ozone":277.37},{"time":1539979200,"summary":"Clear","icon":"clear-day","precipIntensity":0.0014,"precipProbability":0.01,"precipType":"rain","temperature":67.61,"apparentTemperature":67.61,"dewPoint":25.44,"humidity":0.2,"pressure":1023.24,"windSpeed":5.86,"windGust":8.22,"windBearing":52,"cloudCover":0.01,"uvIndex":4,"visibility":10,"ozone":276.4},{"time":1539982800,"summary":"Clear","icon":"clear-day","precipIntensity":0.0002,"precipProbability":0.01,"precipType":"rain","temperature":67.14,"apparentTemperature":67.14,"dewPoint":25.56,"humidity":0.21,"pressure":1023.09,"windSpeed":5.42,"windGust":6.99,"windBearing":63,"cloudCover":0.01,"uvIndex":3,"visibility":10,"ozone":275.3},{"time":1539986400,"summary":"Clear","icon":"clear-day","precipIntensity":0,"precipProbability":0,"temperature":66.56,"apparentTemperature":66.56,"dewPoint":25.86,"humidity":0.21,"pressure":1022.74,"windSpeed":4.54,"windGust":5.98,"windBearing":107,"cloudCover":0.02,"uvIndex":1,"visibility":10,"ozone":274.42},{"time":1539990000,"summary":"Clear","icon":"clear-day","precipIntensity":0,"precipProbability":0,"temperature":64.29,"apparentTemperature":64.29,"dewPoint":26.45,"humidity":0.24,"pressure":1022.97,"windSpeed":3.17,"windGust":4.86,"windBearing":182,"cloudCover":0.03,"uvIndex":0,"visibility":10,"ozone":273.42},{"time":1539993600,"summary":"Clear","icon":"clear-day","precipIntensity":0,"precipProbability":0,"temperature":61.57,"apparentTemperature":61.57,"dewPoint":27.02,"humidity":0.27,"pressure":1023.38,"windSpeed":2.39,"windGust":3.48,"windBearing":238,"cloudCover":0.03,"uvIndex":0,"visibility":10,"ozone":272.05},{"time":1539997200,"summary":"Clear","icon":"clear-night","precipIntensity":0.0012,"precipProbability":0.01,"precipType":"rain","temperature":57.85,"apparentTemperature":57.85,"dewPoint":26.62,"humidity":0.3,"pressure":1024.35,"windSpeed":2.86,"windGust":4.56,"windBearing":272,"cloudCover":0.03,"uvIndex":0,"visibility":10,"ozone":270.2},{"time":1540000800,"summary":"Clear","icon":"clear-night","precipIntensity":0.0011,"precipProbability":0.01,"precipType":"rain","temperature":54.5,"apparentTemperature":54.5,"dewPoint":25.58,"humidity":0.32,"pressure":1025.53,"windSpeed":2.79,"windGust":4.01,"windBearing":91,"cloudCover":0.02,"uvIndex":0,"visibility":10,"ozone":268.08},{"time":1540004400,"summary":"Clear","icon":"clear-night","precipIntensity":0.0013,"precipProbability":0.01,"precipType":"rain","temperature":51.9,"apparentTemperature":51.9,"dewPoint":24.8,"humidity":0.35,"pressure":1026.55,"windSpeed":3.43,"windGust":4.2,"windBearing":196,"cloudCover":0.02,"uvIndex":0,"visibility":10,"ozone":266.07},{"time":1540008000,"summary":"Clear","icon":"clear-night","precipIntensity":0.0015,"precipProbability":0.01,"precipType":"rain","temperature":50.39,"apparentTemperature":50.39,"dewPoint":24.57,"humidity":0.36,"pressure":1027.21,"windSpeed":4.31,"windGust":5.62,"windBearing":207,"cloudCover":0.01,"uvIndex":0,"visibility":10,"ozone":264.33},{"time":1540011600,"summary":"Clear","icon":"clear-night","precipIntensity":0.0005,"precipProbability":0.01,"precipType":"rain","temperature":49.34,"apparentTemperature":47.68,"dewPoint":24.2,"humidity":0.37,"pressure":1027.71,"windSpeed":4.62,"windGust":6.18,"windBearing":202,"cloudCover":0.01,"uvIndex":0,"visibility":10,"ozone":262.57},{"time":1540015200,"summary":"Clear","icon":"clear-night","precipIntensity":0.0006,"precipProbability":0.01,"precipType":"rain","temperature":48.49,"apparentTemperature":46.49,"dewPoint":24.26,"humidity":0.38,"pressure":1028.08,"windSpeed":4.92,"windGust":6.65,"windBearing":282,"cloudCover":0.01,"uvIndex":0,"visibility":10,"ozone":261.18},{"time":1540018800,"summary":"Clear","icon":"clear-night","precipIntensity":0.0018,"precipProbability":0.01,"precipType":"rain","temperature":47.63,"apparentTemperature":45.13,"dewPoint":24.01,"humidity":0.39,"pressure":1028.23,"windSpeed":5.49,"windGust":7.06,"windBearing":295,"cloudCover":0,"uvIndex":0,"visibility":10,"ozone":259.93},{"time":1540022400,"summary":"Clear","icon":"clear-night","precipIntensity":0.0002,"precipProbability":0.01,"precipType":"rain","temperature":43.23,"apparentTemperature":39.58,"dewPoint":23.6,"humidity":0.46,"pressure":1029.76,"windSpeed":6.04,"windGust":6.21,"windBearing":264,"cloudCover":0,"uvIndex":0,"visibility":10,"ozone":258.91},{"time":1540026000,"summary":"Clear","icon":"clear-night","precipIntensity":0.0003,"precipProbability":0.01,"precipType":"rain","temperature":42.09,"apparentTemperature":37.71,"dewPoint":23.27,"humidity":0.47,"pressure":1029.81,"windSpeed":6.92,"windGust":6.94,"windBearing":32,"cloudCover":0,"uvIndex":0,"visibility":10,"ozone":258.02},{"time":1540029600,"summary":"Clear","icon":"clear-night","precipIntensity":0.0002,"precipProbability":0.01,"precipType":"rain","temperature":40.45,"apparentTemperature":35.56,"dewPoint":23.02,"humidity":0.49,"pressure":1030.08,"windSpeed":7.2,"windGust":7.51,"windBearing":284,"cloudCover":0,"uvIndex":0,"visibility":10,"ozone":257.25},{"time":1540033200,"summary":"Clear","icon":"clear-night","precipIntensity":0,"precipProbability":0,"temperature":38.88,"apparentTemperature":33.53,"dewPoint":22.84,"humidity":0.52,"pressure":1030.45,"windSpeed":7.46,"windGust":7.84,"windBearing":312,"cloudCover":0,"uvIndex":0,"visibility":10,"ozone":256.73},{"time":1540036800,"summary":"Clear","icon":"clear-night","precipIntensity":0,"precipProbability":0,"temperature":38.56,"apparentTemperature":32.98,"dewPoint":22.93,"humidity":0.53,"pressure":1030.72,"windSpeed":7.73,"windGust":7.73,"windBearing":82,"cloudCover":0,"uvIndex":0,"visibility":10,"ozone":256.08},{"time":1540040400,"summary":"Clear","icon":"clear-night","precipIntensity":0,"precipProbability":0,"temperature":39.62,"apparentTemperature":34.8,"dewPoint":23.51,"humidity":0.52,"pressure":1030.77,"windSpeed":6.81,"windGust":6.9,"windBearing":24,"cloudCover":0,"uvIndex":0,"visibility":10,"ozone":255.44},{"time":1540044000,"summary":"Clear","icon":"clear-day","precipIntensity":0,"precipProbability":0,"temperature":42.25,"apparentTemperature":38.69,"dewPoint":24.3,"humidity":0.49,"pressure":1030.65,"windSpeed":5.6,"windGust":5.63,"windBearing":290,"cloudCover":0,"uvIndex":0,"visibility":10,"ozone":254.93},{"time":1540047600,"summary":"Clear","icon":"clear-day","precipIntensity":0,"precipProbability":0,"temperature":46.01,"apparentTemperature":43.67,"dewPoint":24.96,"humidity":0.43,"pressure":1030.31,"windSpeed":4.78,"windGust":4.78,"windBearing":268,"cloudCover":0,"uvIndex":1,"visibility":10,"ozone":254.29},{"time":1540051200,"summary":"Clear","icon":"clear-day","precipIntensity":0,"precipProbability":0,"temperature":51.06,"apparentTemperature":51.06,"dewPoint":25.48,"humidity":0.37,"pressure":1029.6,"windSpeed":4.53,"windGust":4.56,"windBearing":203,"cloudCover":0,"uvIndex":2,"visibility":10,"ozone":253.51},{"time":1540054800,"summary":"Clear","icon":"clear-day","precipIntensity":0,"precipProbability":0,"temperature":56.21,"apparentTemperature":56.21,"dewPoint":25.88,"humidity":0.31,"pressure":1028.64,"windSpeed":4.62,"windGust":4.65,"windBearing":127,"cloudCover":0,"uvIndex":4,"visibility":10,"ozone":252.72},{"time":1540058400,"summary":"Clear","icon":"clear-day","precipIntensity":0,"precipProbability":0,"temperature":60.91,"apparentTemperature":60.91,"dewPoint":26.32,"humidity":0.27,"pressure":1027.7,"windSpeed":4.85,"windGust":4.86,"windBearing":83,"cloudCover":0,"uvIndex":5,"visibility":10,"ozone":252.08},{"time":1540062000,"summary":"Clear","icon":"clear-day","precipIntensity":0,"precipProbability":0,"temperature":64.18,"apparentTemperature":64.18,"dewPoint":26.61,"humidity":0.24,"pressure":1026.74,"windSpeed":5.35,"windGust":5.38,"windBearing":70,"cloudCover":0,"uvIndex":5,"visibility":10,"ozone":251.8},{"time":1540065600,"summary":"Clear","icon":"clear-day","precipIntensity":0,"precipProbability":0,"temperature":65.86,"apparentTemperature":65.86,"dewPoint":26.86,"humidity":0.23,"pressure":1025.76,"windSpeed":5.99,"windGust":6.01,"windBearing":50,"cloudCover":0,"uvIndex":5,"visibility":10,"ozone":251.67},{"time":1540069200,"summary":"Clear","icon":"clear-day","precipIntensity":0,"precipProbability":0,"temperature":65.48,"apparentTemperature":65.48,"dewPoint":27.24,"humidity":0.24,"pressure":1025.01,"windSpeed":6.16,"windGust":6.17,"windBearing":56,"cloudCover":0,"uvIndex":3,"visibility":10,"ozone":252.02},{"time":1540072800,"summary":"Clear","icon":"clear-day","precipIntensity":0,"precipProbability":0,"temperature":64.35,"apparentTemperature":64.35,"dewPoint":28.02,"humidity":0.25,"pressure":1024.55,"windSpeed":5.31,"windGust":5.65,"windBearing":102,"cloudCover":0,"uvIndex":2,"visibility":10,"ozone":252.81},{"time":1540076400,"summary":"Clear","icon":"clear-day","precipIntensity":0,"precipProbability":0,"temperature":61.27,"apparentTemperature":61.27,"dewPoint":28.93,"humidity":0.29,"pressure":1024.34,"windSpeed":3.99,"windGust":4.67,"windBearing":167,"cloudCover":0,"uvIndex":0,"visibility":10,"ozone":253.86},{"time":1540080000,"summary":"Clear","icon":"clear-day","precipIntensity":0,"precipProbability":0,"temperature":58.63,"apparentTemperature":58.63,"dewPoint":29.23,"humidity":0.32,"pressure":1024.4,"windSpeed":3.17,"windGust":4.11,"windBearing":211,"cloudCover":0,"uvIndex":0,"visibility":10,"ozone":254.76},{"time":1540083600,"summary":"Clear","icon":"clear-night","precipIntensity":0,"precipProbability":0,"temperature":55.46,"apparentTemperature":55.46,"dewPoint":28.46,"humidity":0.35,"pressure":1025.02,"windSpeed":3.25,"windGust":4.34,"windBearing":259,"cloudCover":0,"uvIndex":0,"visibility":10,"ozone":255.04},{"time":1540087200,"summary":"Clear","icon":"clear-night","precipIntensity":0,"precipProbability":0,"temperature":52.38,"apparentTemperature":52.38,"dewPoint":27.06,"humidity":0.37,"pressure":1025.98,"windSpeed":3.74,"windGust":4.9,"windBearing":150,"cloudCover":0,"uvIndex":0,"visibility":10,"ozone":255.17},{"time":1540090800,"summary":"Clear","icon":"clear-night","precipIntensity":0,"precipProbability":0,"temperature":50.14,"apparentTemperature":50.14,"dewPoint":25.84,"humidity":0.38,"pressure":1026.57,"windSpeed":4.4,"windGust":5.42,"windBearing":226,"cloudCover":0,"uvIndex":0,"visibility":10,"ozone":255.05},{"time":1540094400,"summary":"Clear","icon":"clear-night","precipIntensity":0,"precipProbability":0,"temperature":48.89,"apparentTemperature":47.09,"dewPoint":24.98,"humidity":0.39,"pressure":1026.52,"windSpeed":4.72,"windGust":5.66,"windBearing":270,"cloudCover":0,"uvIndex":0,"visibility":10,"ozone":254.91},{"time":1540098000,"summary":"Clear","icon":"clear-night","precipIntensity":0,"precipProbability":0,"temperature":47.96,"apparentTemperature":45.55,"dewPoint":24.26,"humidity":0.39,"pressure":1026.18,"windSpeed":5.44,"windGust":5.85,"windBearing":308,"cloudCover":0,"uvIndex":0,"visibility":10,"ozone":254.52},{"time":1540101600,"summary":"Clear","icon":"clear-night","precipIntensity":0,"precipProbability":0,"temperature":47.34,"apparentTemperature":44.36,"dewPoint":23.47,"humidity":0.39,"pressure":1025.84,"windSpeed":6.25,"windGust":6.28,"windBearing":357,"cloudCover":0,"uvIndex":0,"visibility":10,"ozone":254.11},{"time":1540105200,"summary":"Clear","icon":"clear-night","precipIntensity":0,"precipProbability":0,"temperature":46.48,"apparentTemperature":43.09,"dewPoint":22.41,"humidity":0.38,"pressure":1025.65,"windSpeed":6.7,"windGust":6.91,"windBearing":359,"cloudCover":0.05,"uvIndex":0,"visibility":10,"ozone":253.33},{"time":1540108800,"summary":"Clear","icon":"clear-night","precipIntensity":0,"precipProbability":0,"temperature":45.46,"apparentTemperature":41.54,"dewPoint":21.2,"humidity":0.38,"pressure":1025.54,"windSpeed":7.35,"windGust":7.57,"windBearing":40,"cloudCover":0.11,"uvIndex":0,"visibility":10,"ozone":252.3},{"time":1540112400,"summary":"Clear","icon":"clear-night","precipIntensity":0,"precipProbability":0,"temperature":44.34,"apparentTemperature":39.71,"dewPoint":20.32,"humidity":0.38,"pressure":1025.35,"windSpeed":8.35,"windGust":8.36,"windBearing":118,"cloudCover":0.15,"uvIndex":0,"visibility":10,"ozone":251.65},{"time":1540116000,"summary":"Clear","icon":"clear-night","precipIntensity":0,"precipProbability":0,"temperature":42.65,"apparentTemperature":37.16,"dewPoint":19.71,"humidity":0.39,"pressure":1025.12,"windSpeed":9.44,"windGust":9.47,"windBearing":162,"cloudCover":0.11,"uvIndex":0,"visibility":10,"ozone":251.65},{"time":1540119600,"summary":"Clear","icon":"clear-night","precipIntensity":0,"precipProbability":0,"temperature":41.59,"apparentTemperature":35.35,"dewPoint":19.44,"humidity":0.41,"pressure":1024.8,"windSpeed":10.64,"windGust":10.72,"windBearing":243,"cloudCover":0.03,"uvIndex":0,"visibility":10,"ozone":252.02},{"time":1540123200,"summary":"Clear","icon":"clear-night","precipIntensity":0,"precipProbability":0,"temperature":41.44,"apparentTemperature":34.88,"dewPoint":19.73,"humidity":0.41,"pressure":1024.44,"windSpeed":11.4,"windGust":11.54,"windBearing":293,"cloudCover":0,"uvIndex":0,"visibility":10,"ozone":252.4},{"time":1540126800,"summary":"Clear","icon":"clear-night","precipIntensity":0,"precipProbability":0,"temperature":42.63,"apparentTemperature":36.29,"dewPoint":20.92,"humidity":0.42,"pressure":1024.23,"windSpeed":11.58,"windGust":12.06,"windBearing":303,"cloudCover":0.06,"uvIndex":0,"visibility":10,"ozone":252.79},{"time":1540130400,"summary":"Clear","icon":"clear-day","precipIntensity":0,"precipProbability":0,"temperature":45.4,"apparentTemperature":39.87,"dewPoint":22.62,"humidity":0.4,"pressure":1024,"windSpeed":11.31,"windGust":13.9,"windBearing":287,"cloudCover":0.16,"uvIndex":0,"visibility":10,"ozone":253.19},{"time":1540134000,"summary":"Partly Cloudy","icon":"partly-cloudy-day","precipIntensity":0,"precipProbability":0,"temperature":49.48,"apparentTemperature":45.29,"dewPoint":24.2,"humidity":0.37,"pressure":1023.42,"windSpeed":10.34,"windGust":14.45,"windBearing":232,"cloudCover":0.26,"uvIndex":1,"visibility":10,"ozone":253.74},{"time":1540137600,"summary":"Partly Cloudy","icon":"partly-cloudy-day","precipIntensity":0.0002,"precipProbability":0.01,"precipType":"rain","temperature":55.5,"apparentTemperature":55.5,"dewPoint":25.52,"humidity":0.31,"pressure":1022.18,"windSpeed":7.57,"windGust":12.65,"windBearing":71,"cloudCover":0.33,"uvIndex":2,"visibility":10,"ozone":254.55},{"time":1540141200,"summary":"Partly Cloudy","icon":"partly-cloudy-day","precipIntensity":0.0002,"precipProbability":0.01,"precipType":"rain","temperature":61.9,"apparentTemperature":61.9,"dewPoint":26.74,"humidity":0.26,"pressure":1020.61,"windSpeed":3.88,"windGust":9.55,"windBearing":86,"cloudCover":0.38,"uvIndex":3,"visibility":10,"ozone":255.49},{"time":1540144800,"summary":"Partly Cloudy","icon":"partly-cloudy-day","precipIntensity":0,"precipProbability":0,"temperature":66.95,"apparentTemperature":66.95,"dewPoint":27.56,"humidity":0.23,"pressure":1019.14,"windSpeed":2.61,"windGust":7.19,"windBearing":146,"cloudCover":0.43,"uvIndex":4,"visibility":10,"ozone":256.28}]},"daily":{"summary":"No precipitation throughout the week, with high temperatures peaking at 72°F on Sunday.","icon":"clear-day","data":[{"time":1539928800,"summary":"Clear throughout the day.","icon":"clear-day","sunriseTime":1539955032,"sunsetTime":1539994619,"moonPhase":0.34,"precipIntensity":0.0004,"precipIntensityMax":0.0015,"precipIntensityMaxTime":1540008000,"precipProbability":0.04,"precipType":"rain","temperatureHigh":67.61,"temperatureHighTime":1539979200,"temperatureLow":38.56,"temperatureLowTime":1540036800,"apparentTemperatureHigh":67.61,"apparentTemperatureHighTime":1539979200,"apparentTemperatureLow":32.98,"apparentTemperatureLowTime":1540036800,"dewPoint":26.61,"humidity":0.35,"pressure":1023.55,"windSpeed":1.11,"windGust":14.04,"windGustTime":1539943200,"windBearing":38,"cloudCover":0.09,"uvIndex":5,"uvIndexTime":1539972000,"visibility":10,"ozone":273.21,"temperatureMin":46.65,"temperatureMinTime":1539954000,"temperatureMax":67.61,"temperatureMaxTime":1539979200,"apparentTemperatureMin":44.04,"apparentTemperatureMinTime":1539954000,"apparentTemperatureMax":67.61,"apparentTemperatureMaxTime":1539979200},{"time":1540015200,"summary":"Clear throughout the day.","icon":"clear-day","sunriseTime":1540041497,"sunsetTime":1540080934,"moonPhase":0.37,"precipIntensity":0.0002,"precipIntensityMax":0.0018,"precipIntensityMaxTime":1540018800,"precipProbability":0.02,"precipType":"rain","temperatureHigh":65.86,"temperatureHighTime":1540065600,"temperatureLow":41.44,"temperatureLowTime":1540123200,"apparentTemperatureHigh":65.86,"apparentTemperatureHighTime":1540065600,"apparentTemperatureLow":34.88,"apparentTemperatureLowTime":1540123200,"dewPoint":25.49,"humidity":0.38,"pressure":1027.74,"windSpeed":1.71,"windGust":7.84,"windGustTime":1540033200,"windBearing":94,"cloudCover":0,"uvIndex":5,"uvIndexTime":1540058400,"visibility":10,"ozone":255.11,"temperatureMin":38.56,"temperatureMinTime":1540036800,"temperatureMax":65.86,"temperatureMaxTime":1540065600,"apparentTemperatureMin":32.98,"apparentTemperatureMinTime":1540036800,"apparentTemperatureMax":65.86,"apparentTemperatureMaxTime":1540065600},{"time":1540101600,"summary":"Partly cloudy until evening.","icon":"partly-cloudy-day","sunriseTime":1540127963,"sunsetTime":1540167250,"moonPhase":0.4,"precipIntensity":0,"precipIntensityMax":0,"precipProbability":0,"temperatureHigh":71.73,"temperatureHighTime":1540152000,"temperatureLow":43.94,"temperatureLowTime":1540209600,"apparentTemperatureHigh":71.73,"apparentTemperatureHighTime":1540152000,"apparentTemperatureLow":39.46,"apparentTemperatureLowTime":1540209600,"dewPoint":24.67,"humidity":0.32,"pressure":1020.76,"windSpeed":4.15,"windGust":14.45,"windGustTime":1540134000,"windBearing":235,"cloudCover":0.23,"uvIndex":4,"uvIndexTime":1540144800,"visibility":10,"ozone":254.61,"temperatureMin":41.44,"temperatureMinTime":1540123200,"temperatureMax":71.73,"temperatureMaxTime":1540152000,"apparentTemperatureMin":34.88,"apparentTemperatureMinTime":1540123200,"apparentTemperatureMax":71.73,"apparentTemperatureMaxTime":1540152000},{"time":1540188000,"summary":"Partly cloudy throughout the day.","icon":"partly-cloudy-day","sunriseTime":1540214428,"sunsetTime":1540253566,"moonPhase":0.43,"precipIntensity":0.0002,"precipIntensityMax":0.0004,"precipIntensityMaxTime":1540260000,"precipProbability":0.02,"precipType":"rain","temperatureHigh":66.09,"temperatureHighTime":1540238400,"temperatureLow":37.11,"temperatureLowTime":1540296000,"apparentTemperatureHigh":66.09,"apparentTemperatureHighTime":1540238400,"apparentTemperatureLow":37.02,"apparentTemperatureLowTime":1540292400,"dewPoint":29.89,"humidity":0.42,"pressure":1018.22,"windSpeed":1.79,"windGust":7.9,"windGustTime":1540206000,"windBearing":72,"cloudCover":0.38,"uvIndex":5,"uvIndexTime":1540231200,"visibility":10,"ozone":261,"temperatureMin":43.94,"temperatureMinTime":1540209600,"temperatureMax":66.09,"temperatureMaxTime":1540238400,"apparentTemperatureMin":39.46,"apparentTemperatureMinTime":1540209600,"apparentTemperatureMax":66.09,"apparentTemperatureMaxTime":1540238400},{"time":1540274400,"summary":"Mostly cloudy throughout the day.","icon":"partly-cloudy-day","sunriseTime":1540300894,"sunsetTime":1540339884,"moonPhase":0.46,"precipIntensity":0.0004,"precipIntensityMax":0.0014,"precipIntensityMaxTime":1540357200,"precipProbability":0.15,"precipType":"rain","temperatureHigh":60.72,"temperatureHighTime":1540328400,"temperatureLow":39.5,"temperatureLowTime":1540382400,"apparentTemperatureHigh":60.72,"apparentTemperatureHighTime":1540328400,"apparentTemperatureLow":39.5,"apparentTemperatureLowTime":1540382400,"dewPoint":32.61,"humidity":0.56,"pressure":1019.96,"windSpeed":2.01,"windGust":6.16,"windGustTime":1540332000,"windBearing":311,"cloudCover":0.91,"uvIndex":3,"uvIndexTime":1540314000,"visibility":10,"ozone":267.84,"temperatureMin":37.11,"temperatureMinTime":1540296000,"temperatureMax":60.72,"temperatureMaxTime":1540328400,"apparentTemperatureMin":37.02,"apparentTemperatureMinTime":1540292400,"apparentTemperatureMax":60.72,"apparentTemperatureMaxTime":1540328400},{"time":1540360800,"summary":"Mostly cloudy throughout the day.","icon":"partly-cloudy-day","sunriseTime":1540387361,"sunsetTime":1540426204,"moonPhase":0.51,"precipIntensity":0.0035,"precipIntensityMax":0.0236,"precipIntensityMaxTime":1540436400,"precipProbability":0.46,"precipType":"rain","temperatureHigh":60.18,"temperatureHighTime":1540411200,"temperatureLow":38.11,"temperatureLowTime":1540468800,"apparentTemperatureHigh":60.18,"apparentTemperatureHighTime":1540411200,"apparentTemperatureLow":33.48,"apparentTemperatureLowTime":1540468800,"dewPoint":34.68,"humidity":0.6,"pressure":1018.7,"windSpeed":0.99,"windGust":5.51,"windGustTime":1540443600,"windBearing":17,"cloudCover":0.79,"uvIndex":4,"uvIndexTime":1540404000,"visibility":6.87,"ozone":272.33,"temperatureMin":39.5,"temperatureMinTime":1540382400,"temperatureMax":60.18,"temperatureMaxTime":1540411200,"apparentTemperatureMin":39.5,"apparentTemperatureMinTime":1540382400,"apparentTemperatureMax":60.18,"apparentTemperatureMaxTime":1540411200},{"time":1540447200,"summary":"Partly cloudy starting in the evening.","icon":"partly-cloudy-night","sunriseTime":1540473827,"sunsetTime":1540512524,"moonPhase":0.53,"precipIntensity":0.0001,"precipIntensityMax":0.0003,"precipIntensityMaxTime":1540490400,"precipProbability":0.03,"precipType":"rain","temperatureHigh":65.51,"temperatureHighTime":1540497600,"temperatureLow":37.66,"temperatureLowTime":1540555200,"apparentTemperatureHigh":65.51,"apparentTemperatureHighTime":1540497600,"apparentTemperatureLow":33.38,"apparentTemperatureLowTime":1540555200,"dewPoint":28.49,"humidity":0.46,"pressure":1018.7,"windSpeed":3.55,"windGust":9.42,"windGustTime":1540501200,"windBearing":203,"cloudCover":0.12,"uvIndex":5,"uvIndexTime":1540494000,"visibility":10,"ozone":270.61,"temperatureMin":38.11,"temperatureMinTime":1540468800,"temperatureMax":65.51,"temperatureMaxTime":1540497600,"apparentTemperatureMin":33.48,"apparentTemperatureMinTime":1540468800,"apparentTemperatureMax":65.51,"apparentTemperatureMaxTime":1540497600},{"time":1540533600,"summary":"Partly cloudy starting in the afternoon.","icon":"partly-cloudy-night","sunriseTime":1540560294,"sunsetTime":1540598845,"moonPhase":0.57,"precipIntensity":0,"precipIntensityMax":0.0001,"precipIntensityMaxTime":1540548000,"precipProbability":0,"temperatureHigh":64.89,"temperatureHighTime":1540584000,"temperatureLow":39.53,"temperatureLowTime":1540641600,"apparentTemperatureHigh":64.89,"apparentTemperatureHighTime":1540584000,"apparentTemperatureLow":33.61,"apparentTemperatureLowTime":1540641600,"dewPoint":25.76,"humidity":0.4,"pressure":1013.18,"windSpeed":4.74,"windGust":24.8,"windGustTime":1540594800,"windBearing":270,"cloudCover":0.36,"uvIndex":4,"uvIndexTime":1540576800,"visibility":10,"ozone":265.46,"temperatureMin":37.66,"temperatureMinTime":1540555200,"temperatureMax":64.89,"temperatureMaxTime":1540584000,"apparentTemperatureMin":33.38,"apparentTemperatureMinTime":1540555200,"apparentTemperatureMax":64.89,"apparentTemperatureMaxTime":1540584000}]},"flags":{"sources":["nearest-precip","nwspa","cmc","gfs","hrrr","icon","isd","madis","nam","sref","darksky"],"nearest-station":0.51,"units":"us"},"offset":-6}